{"cameraMode":{"drawMode":0,"name":"Shaded","section":"Shading Mode"},"sceneLighting":true,"audioPlay":false,"sceneViewState":{"m_AlwaysRefresh":false,"showFog":true,"showSkybox":true,"showFlares":true,"showImageEffects":true,"showParticleSystems":true,"showVisualEffectGraphs":true,"m_FxEnabled":true},"in2DMode":false,"pivot":{"x":9.223054885864258,"y":6.413465976715088,"z":-26.325944900512697},"rotation":{"x":-0.3813682198524475,"y":-0.07667608559131623,"z":0.031776443123817447,"w":-0.9206988215446472},"size":2.7820184230804445,"orthographic":false}